_id,hrUID,PhotoURL,BackdropURL,OverviewText,MobilePhone
101,101,http://www.whur.com/wp-content/uploads/2014/10/African-American-Female-Executive.jpg,https://seamlessphoto.com/pub/media/catalog/product/cache/1/image/1140x400/e9c3970ab036de70892d86c6d221abfe/e/m/emily-soto-muslin-backdrop-eleanor-spebpheb-photography-backdrops-seamless-banner.jpg,The CEO of the company,408-867-5309
103,103,https://www.thebusinesswomanmedia.com/wp-content/uploads/2015/06/AR_SuitWide_P.jpg,https://seamlessphoto.com/pub/media/catalog/product/j/e/jeff-rojas-muslin-backdrop-oxford-spebpbob-photography-backdrops-01.jpg,The HR Boss,408-867-1234
115,115,https://mbtskoudsalg.com/images/face-businessman-png-1.png,https://seamlessphoto.com/pub/media/catalog/product/cache/1/image/1140x400/e9c3970ab036de70892d86c6d221abfe/e/m/emily-soto-muslin-backdrop-eleanor-spebpheb-photography-backdrops-seamless-banner.jpg,The HR Rep,408-867-1123
102,102,https://banner2.kisspng.com/20180327/rqw/kisspng-businessperson-stock-photography-female-royalty-fr-black-woman-5aba5fa97d43c7.3479130815221636255131.jpg,https://seamlessphoto.com/pub/media/catalog/product/j/e/jeff-rojas-muslin-backdrop-oxford-spebpbob-photography-backdrops-01.jpg,VP Operations,408-867-2234
104,104,http://www.coolmenhairstyles.com/wp-content/uploads/Short-Asian-Men-Hairstyle-48.jpg,https://seamlessphoto.com/pub/media/catalog/product/j/e/jeff-rojas-muslin-backdrop-oxford-spebpbob-photography-backdrops-01.jpg,VP Finance,408-867-3459
105,105,https://image.freepik.com/free-photo/business-concept-portrait-handsome-business-man-crossing-arms-with-confident-face-white-background-copy-space_1258-386.jpg,https://seamlessphoto.com/pub/media/catalog/product/cache/1/image/1140x400/e9c3970ab036de70892d86c6d221abfe/e/m/emily-soto-muslin-backdrop-eleanor-spebpheb-photography-backdrops-seamless-banner.jpg,VP Engineering,408-867-0987
106,106,https://t4.ftcdn.net/jpg/01/74/32/71/240_F_174327153_eAkndpOMDLiV8hGs6vZxIR0ikJYPVjm0.jpg,https://seamlessphoto.com/pub/media/catalog/product/j/e/jeff-rojas-muslin-backdrop-oxford-spebpbob-photography-backdrops-01.jpg,VP Sales,408-867-9922
107,107,https://banner2.kisspng.com/20180421/kpq/kisspng-businessperson-management-entrepreneurship-organiz-professional-women-5adbc566d11409.8241642315243523588564.jpg,https://seamlessphoto.com/pub/media/catalog/product/cache/1/image/1140x400/e9c3970ab036de70892d86c6d221abfe/e/m/emily-soto-muslin-backdrop-eleanor-spebpheb-photography-backdrops-seamless-banner.jpg,Direct Sales,408-867-6728
108,108,https://d2v9y0dukr6mq2.cloudfront.net/video/thumbnail/6XM6EYJ/smiling-face-portrait-businessman-office-interior-happy-successful-positive-man_nufox43sg__F0000.png,https://seamlessphoto.com/pub/media/catalog/product/cache/1/image/1140x400/e9c3970ab036de70892d86c6d221abfe/e/m/emily-soto-muslin-backdrop-eleanor-spebpheb-photography-backdrops-seamless-banner.jpg,Direct Sales,408-867-4738
109,109,http://www.dcareaheadshots.com/wp-content/uploads/2016/05/iStock_000073398395_XXXLarge-1024x683.jpg,https://seamlessphoto.com/pub/media/catalog/product/j/e/jeff-rojas-muslin-backdrop-oxford-spebpbob-photography-backdrops-01.jpg,Direct Sales,408-867-2900
116243582515871714244,116243582515871714244,https://avatars0.githubusercontent.com/u/15217218?s=460&v=4.jpg,https://seamlessphoto.com/pub/media/catalog/product/j/e/jeff-rojas-muslin-backdrop-oxford-spebpbob-photography-backdrops-01.jpg,Full Stack Software Developer,209-505-8988
111,111,https://ak5.picdn.net/shutterstock/videos/17617735/thumb/12.jpg,https://seamlessphoto.com/pub/media/catalog/product/cache/1/image/1140x400/e9c3970ab036de70892d86c6d221abfe/e/m/emily-soto-muslin-backdrop-eleanor-spebpheb-photography-backdrops-seamless-banner.jpg,SalesPerson Sales,408-867-6574
112,112,https://ak4.picdn.net/shutterstock/videos/21037444/thumb/12.jpg,https://seamlessphoto.com/pub/media/catalog/product/cache/1/image/1140x400/e9c3970ab036de70892d86c6d221abfe/e/m/emily-soto-muslin-backdrop-eleanor-spebpheb-photography-backdrops-seamless-banner.jpg,SalesPerson Sales,408-867-3377
113,113,https://ae01.alicdn.com/kf/HTB15xMtNVXXXXa.XVXXq6xXFXXXZ/Novelty-Grey-Formal-OL-Styles-Professional-Business-Women-Work-Suits-With-3-Pieces-Jackets-Vest-Skirt.jpg_640x640.jpg,https://seamlessphoto.com/pub/media/catalog/product/j/e/jeff-rojas-muslin-backdrop-oxford-spebpbob-photography-backdrops-01.jpg,SalesPerson Sales,408-867-8116
114,114,http://tgen.com.au/wp-content/uploads/2013/02/business-man-in-tie-for-npra.jpg,https://seamlessphoto.com/pub/media/catalog/product/cache/1/image/1140x400/e9c3970ab036de70892d86c6d221abfe/e/m/emily-soto-muslin-backdrop-eleanor-spebpheb-photography-backdrops-seamless-banner.jpg,SalesPerson Sales,408-867-9119
,,,,,