_id,hrUID,PhotoURL,BackdropURL,OverviewText
101,101,_https://cdn.images.express.co.uk/img/dynamic/galleries/x701/389530.jpg,_https://seamlessphoto.com/pub/media/catalog/product/cache/1/image/1140x400/e9c3970ab036de70892d86c6d221abfe/e/m/emily-soto-muslin-backdrop-eleanor-spebpheb-photography-backdrops-seamless-banner.jpg,The CEO of the company
103,103,https://www.encyclopedia.com/sites/default/files/4/2793330.jpg,_https://seamlessphoto.com/pub/media/catalog/product/j/e/jeff-rojas-muslin-backdrop-oxford-spebpbob-photography-backdrops-01.jpg,The HR Boss
115,115,https://www.encyclopedia.com/sites/default/files/4/2793330.jpg,_https://seamlessphoto.com/pub/media/catalog/product/cache/1/image/1140x400/e9c3970ab036de70892d86c6d221abfe/e/m/emily-soto-muslin-backdrop-eleanor-spebpheb-photography-backdrops-seamless-banner.jpg,The HR Rep
102,102,_https://www.encyclopedia.com/sites/default/files/4/2793330.jpg,_https://seamlessphoto.com/pub/media/catalog/product/j/e/jeff-rojas-muslin-backdrop-oxford-spebpbob-photography-backdrops-01.jpg,VP Operations
104,104,_https://www.encyclopedia.com/sites/default/files/4/2793330.jpg,_https://seamlessphoto.com/pub/media/catalog/product/j/e/jeff-rojas-muslin-backdrop-oxford-spebpbob-photography-backdrops-01.jpg,VP Finance
105,105,https://www.encyclopedia.com/sites/default/files/4/2793330.jpg,_https://seamlessphoto.com/pub/media/catalog/product/cache/1/image/1140x400/e9c3970ab036de70892d86c6d221abfe/e/m/emily-soto-muslin-backdrop-eleanor-spebpheb-photography-backdrops-seamless-banner.jpg,VP Engineering
106,106,_https://upload.wikimedia.org/wikipedia/commons/f/f2/Abraham_Lincoln_O-55%2C_1861-crop.jpg,_https://seamlessphoto.com/pub/media/catalog/product/j/e/jeff-rojas-muslin-backdrop-oxford-spebpbob-photography-backdrops-01.jpg,VP Sales
107,107,https://www.encyclopedia.com/sites/default/files/4/2793330.jpg,_https://seamlessphoto.com/pub/media/catalog/product/cache/1/image/1140x400/e9c3970ab036de70892d86c6d221abfe/e/m/emily-soto-muslin-backdrop-eleanor-spebpheb-photography-backdrops-seamless-banner.jpg,Direct Sales
108,108,https://www.encyclopedia.com/sites/default/files/4/2793330.jpg,_https://seamlessphoto.com/pub/media/catalog/product/cache/1/image/1140x400/e9c3970ab036de70892d86c6d221abfe/e/m/emily-soto-muslin-backdrop-eleanor-spebpheb-photography-backdrops-seamless-banner.jpg,Direct Sales
109,109,https://www.encyclopedia.com/sites/default/files/4/2793330.jpg,_https://seamlessphoto.com/pub/media/catalog/product/j/e/jeff-rojas-muslin-backdrop-oxford-spebpbob-photography-backdrops-01.jpg,Direct Sales
110,110,_https://avatars0.githubusercontent.com/u/15217218?s=460&v=4.jpg,_https://seamlessphoto.com/pub/media/catalog/product/j/e/jeff-rojas-muslin-backdrop-oxford-spebpbob-photography-backdrops-01.jpg,Direct Sales
111,111,https://www.encyclopedia.com/sites/default/files/4/2793330.jpg,_https://seamlessphoto.com/pub/media/catalog/product/cache/1/image/1140x400/e9c3970ab036de70892d86c6d221abfe/e/m/emily-soto-muslin-backdrop-eleanor-spebpheb-photography-backdrops-seamless-banner.jpg,SalesPerson Sales
112,112,_https://upload.wikimedia.org/wikipedia/commons/1/1e/Thomas_Jefferson_by_Rembrandt_Peale%2C_1800.jpg,_https://seamlessphoto.com/pub/media/catalog/product/cache/1/image/1140x400/e9c3970ab036de70892d86c6d221abfe/e/m/emily-soto-muslin-backdrop-eleanor-spebpheb-photography-backdrops-seamless-banner.jpg,SalesPerson Sales
113,113,https://www.encyclopedia.com/sites/default/files/4/2793330.jpg,_https://seamlessphoto.com/pub/media/catalog/product/j/e/jeff-rojas-muslin-backdrop-oxford-spebpbob-photography-backdrops-01.jpg,SalesPerson Sales
114,114,https://www.encyclopedia.com/sites/default/files/4/2793330.jpg,_https://seamlessphoto.com/pub/media/catalog/product/cache/1/image/1140x400/e9c3970ab036de70892d86c6d221abfe/e/m/emily-soto-muslin-backdrop-eleanor-spebpheb-photography-backdrops-seamless-banner.jpg,SalesPerson Sales